service,title,subtext,point_title,point_desc
1,BRANDING,"Visual identity systems that cut through the noise and scale across every touchpoint.",IDENTITY SYSTEMS,"Logos, type, and colour built as a flexible kit."
1,,,ART DIRECTION,A consistent visual language across every surface.
1,,,GUIDELINES,Clear rules so the brand stays sharp as it grows.
2,WEBSITE DESIGN AND DEVELOPMENT,"We build high-performance, conversion-driven websites—from clean UI to immersive 3D experiences—tailored to your clients' needs.",CUSTOM STRATEGY,"Fully documented, bespoke design and architecture."
2,,,IMMERSIVE UI/UX,From subtle interactions to 3D scroll experiences.
2,,,FUNCTIONAL BACKENDS,"Easy-to-manage blogs, portfolios, and case studies."
2,,,OPTIMIZATION,"Mobile-first, SEO-ready, and fully tested."
3,DEVELOPMENT,"Engineered front-ends with cinematic precision and rock-solid performance.",MOTION & 3D,"GSAP, WebGL, and shader-driven interfaces."
3,,,PERFORMANCE,Optimised assets and buttery-smooth frame rates.
3,,,INTEGRATIONS,Connected to the tools your business already runs on.
4,STRATEGY,"Creative direction aligned with real business goals, not just aesthetics.",POSITIONING,Sharpening what you say and who you say it to.
4,,,CONTENT,Messaging frameworks that carry across the whole site.
4,,,ROADMAP,A prioritised plan from launch to iteration.
